{
"name": "bulge_l3",
"flags": {
	"0": { "outline": [[-0.901668,0.273274],[-0.802378,0.346449],[-0.774529,0.364518],[-0.587265,0.463408],[-0.560239,0.474033],[-0.666848,-0.358053],[-0.800363,-0.356485],[-0.914924,-0.349202],[-0.951393,-0.326875],[-0.978546,-0.272377],[-0.991501,-0.181029],[-0.997705,-0.0121513],[-0.986384,0.135697],[-0.954373,0.210816]] },
	"1": { "outline": [[-0.434947,0.523289],[-0.278006,0.569946],[-0.123091,0.605436],[-0.243963,-0.361242],[-0.417437,-0.360983],[-0.666848,-0.358053],[-0.560239,0.474033]] },
	"2": { "outline": [[1.4572,-0.360364],[1.13275,-0.3612],[1.25409,0.585122],[1.34668,0.563598],[1.53478,0.497152],[1.65549,0.440442],[1.55304,-0.358909]] },
	"3": { "outline": [[1.99214,0.109069],[2.00011,-0.0808442],[2.00011,-0.0920381],[1.99542,-0.264485],[1.95663,-0.323882],[1.90644,-0.347644],[1.8275,-0.354741],[1.55304,-0.358909],[1.65549,0.440442],[1.68295,0.427541],[1.82109,0.34257],[1.82297,0.341302],[1.9168,0.26331],[1.96395,0.196506]] }
},
"outline": [[-0.997705,-0.0121513],[-0.986384,0.135697],[-0.954373,0.210816],[-0.901668,0.273274],[-0.786284,0.358311],[-0.587265,0.463408],[-0.434947,0.523289],[-0.278006,0.569946],[-0.0635494,0.619077],[0.245875,0.659546],[0.573132,0.66997],[0.833666,0.655792],[1.10252,0.62036],[1.34668,0.563598],[1.53478,0.497152],[1.68295,0.427541],[1.82244,0.341742],[1.9168,0.26331],[1.96395,0.196506],[1.99214,0.109069],[2.0003,-0.0852484],[1.99542,-0.264485],[1.95663,-0.323882],[1.90644,-0.347644],[1.8275,-0.354741],[1.4572,-0.360364],[0.617235,-0.362527],[-0.417437,-0.360983],[-0.800363,-0.356485],[-0.914924,-0.349202],[-0.951393,-0.326875],[-0.978546,-0.272377],[-0.991501,-0.181029]],
"inputs": [[-0.449396,0.572554,113.649],[-0.269187,0.65147,110.211],[-0.0807973,0.708252,103.96],[0.112164,0.746267,98.7648],[0.307772,0.768161,94.3154],[0.504342,0.775861,90.3154],[0.701153,0.770327,86.3165],[0.896761,0.750598,81.7658],[1.0902,0.714026,76.3296],[1.27859,0.657726,69.6659],[1.45832,0.577606,65.9735]],
"outputs": [[-0.474288,-0.462043,270],[-0.279402,-0.462043,270],[-0.084516,-0.462043,270],[0.11037,-0.462043,270],[0.305256,-0.462043,270],[0.500142,-0.462043,270],[0.695028,-0.462043,270],[0.889914,-0.462043,270],[1.0848,-0.462043,270],[1.27993,-0.462043,270],[1.47481,-0.462043,270]],
"icon": [[0.500112,0.153857],[0.500112,0.153857]]
}