{
"name": "bulge_l1",
"flags": {
	"0": { "outline": [[-0.248704,0.116371],[-0.239254,0.160171],[-0.216454,0.198721],[-0.183004,0.228571],[-0.107404,0.277621],[-0.0286541,0.315571],[-0.0825041,-0.104729],[-0.188704,-0.104729],[-0.217504,-0.0973786],[-0.245704,-0.0634786]] },
	"1": { "outline": [[0.188846,0.382021],[0.190032,0.382207],[0.129146,-0.104729],[-0.0825041,-0.104729],[-0.0286541,0.315571],[-0.0262541,0.316771],[0.0581959,0.347971]] },
	"2": { "outline": [[1.0275,-0.104729],[0.817496,-0.104729],[0.878541,0.371333],[0.946796,0.352621],[1.03125,0.321421],[1.0791,0.297871]] },
	"3": { "outline": [[1.2513,0.116371],[1.2513,-0.0447286],[1.24875,-0.0622786],[1.2213,-0.0966286],[1.17765,-0.104729],[1.0275,-0.104729],[1.0791,0.297871],[1.1121,0.281671],[1.18665,0.231271],[1.21905,0.200221],[1.24155,0.161371]] }
},
"outline": [[-0.248704,0.116371],[-0.239254,0.160171],[-0.216454,0.198721],[-0.183004,0.228721],[-0.107404,0.277621],[-0.0262541,0.316771],[0.0581959,0.347971],[0.188846,0.382021],[0.322346,0.402871],[0.457196,0.412171],[0.592196,0.411271],[0.726896,0.400021],[0.859796,0.376471],[0.946796,0.352621],[1.03125,0.321421],[1.1121,0.281671],[1.18665,0.231271],[1.21905,0.200221],[1.24155,0.161371],[1.2513,0.116371],[1.2513,-0.0447286],[1.24875,-0.0622786],[1.2213,-0.0966286],[1.17765,-0.104729],[-0.188704,-0.104729],[-0.217504,-0.0973786],[-0.245704,-0.0634786]],
"inputs": [[-0.0251952,0.379556,113.649],[0.074684,0.423295,110.211],[0.179097,0.454765,103.96],[0.286044,0.475835,98.7648],[0.394457,0.48797,94.3154],[0.503404,0.492237,90.3154],[0.612485,0.48917,86.3165],[0.720898,0.478235,81.7657],[0.828112,0.457966,76.3296],[0.932525,0.426762,69.6659],[1.03214,0.382356,65.9735]],
"outputs": [[-0.0387632,-0.176229,270],[0.0692502,-0.176229,270],[0.177264,-0.176229,270],[0.285277,-0.176229,270],[0.393291,-0.176229,270],[0.501304,-0.176229,270],[0.609318,-0.176229,270],[0.717331,-0.176229,270],[0.825345,-0.176229,270],[0.933492,-0.176229,270],[1.04151,-0.176229,270]],
"icon": [[0.381296,0.0114214],[0.621296,0.251421]]
}