{
"name": "bulge_l2",
"flags": {
	"0": { "outline": [[-0.465747,0.197639],[-0.440064,0.228198],[-0.393247,0.265573],[-0.325747,0.308411],[-0.255203,0.345961],[-0.207089,0.36689],[-0.278154,-0.18777],[-0.314263,-0.187508],[-0.404104,-0.184974],[-0.43836,-0.181923],[-0.457209,-0.175904],[-0.475333,-0.157105],[-0.489794,-0.110771],[-0.497186,-0.0260883],[-0.497446,0.0838622],[-0.490586,0.143338],[-0.480239,0.171419]] },
	"1": { "outline": [[-0.165911,0.384802],[-0.0879269,0.411427],[-0.0110164,0.433176],[0.0837944,0.455513],[0.0844872,0.455635],[0.00378046,-0.18982],[-0.278154,-0.18777],[-0.207089,0.36689]] },
	"2": { "outline": [[1.20175,-0.188482],[0.921628,-0.189473],[1.00262,0.44211],[1.04703,0.431805],[1.13263,0.404312],[1.20704,0.375182],[1.27016,0.345229]] },
	"3": { "outline": [[1.43944,-0.180129],[1.40219,-0.184213],[1.21542,-0.188434],[1.20175,-0.188482],[1.27016,0.345229],[1.27924,0.34092],[1.3589,0.294079],[1.41352,0.254508],[1.44318,0.227787],[1.46756,0.196162],[1.48125,0.16951],[1.49088,0.141193],[1.49682,0.0966851],[1.49986,-0.0178637],[1.49986,-0.0297585],[1.4967,-0.12474],[1.48049,-0.153673],[1.45778,-0.173197]] }
},
"outline": [[-0.497446,0.0838622],[-0.490586,0.143338],[-0.480239,0.171419],[-0.465747,0.197639],[-0.440064,0.228198],[-0.393247,0.265573],[-0.325747,0.308411],[-0.255203,0.345961],[-0.165911,0.384802],[-0.0879269,0.411427],[-0.0110164,0.433176],[0.0837944,0.455513],[0.204311,0.476756],[0.36332,0.492919],[0.523075,0.497751],[0.642887,0.493957],[0.73006,0.487569],[0.831741,0.475459],[0.940014,0.456637],[1.04703,0.431805],[1.13263,0.404312],[1.20704,0.375182],[1.27924,0.34092],[1.3589,0.294079],[1.41352,0.254508],[1.44318,0.227787],[1.46756,0.196162],[1.48125,0.16951],[1.49088,0.141193],[1.49682,0.0966851],[1.50004,-0.0244837],[1.4967,-0.12474],[1.48049,-0.153673],[1.45778,-0.173197],[1.43944,-0.180129],[1.40219,-0.184213],[1.21542,-0.188434],[0.685555,-0.190308],[0.0103766,-0.189868],[-0.314263,-0.187508],[-0.404104,-0.184974],[-0.43836,-0.181923],[-0.457209,-0.175904],[-0.475333,-0.157105],[-0.489794,-0.110771],[-0.497186,-0.0260883]],
"inputs": [[-0.160895,0.437011,113.649],[-0.035512,0.491918,110.211],[0.0955621,0.531425,103.96],[0.229817,0.557874,98.7648],[0.365913,0.573107,94.3154],[0.502679,0.578464,90.3154],[0.639612,0.574614,86.3165],[0.775708,0.560887,81.7657],[0.910298,0.535442,76.3296],[1.04137,0.496271,69.6659],[1.16642,0.440526,65.9735]],
"outputs": [[-0.178091,-0.263762,270],[-0.042497,-0.263762,270],[0.093097,-0.263762,270],[0.228691,-0.263762,270],[0.364285,-0.263762,270],[0.499879,-0.263762,270],[0.635473,-0.263762,270],[0.771067,-0.263762,270],[0.906661,-0.263762,270],[1.04242,-0.263762,270],[1.17802,-0.263762,270]],
"icon": [[0.379863,0.0115375],[0.619863,0.251538]]
}