{
"name": "bulge_s2",
"flags": {
	"0": { "outline": [[0.251296,0.141271],[0.254446,0.155871],[0.262046,0.168721],[0.273196,0.178671],[0.298396,0.195021],[0.324646,0.207671],[0.306696,0.0675714],[0.271296,0.0675714],[0.261696,0.0700214],[0.252296,0.0813214]] },
	"1": { "outline": [[0.397146,0.229821],[0.397541,0.229883],[0.377246,0.0675714],[0.306696,0.0675714],[0.324646,0.207671],[0.325446,0.208071],[0.353596,0.218471]] },
	"2": { "outline": [[0.676696,0.0675714],[0.606696,0.0675714],[0.627044,0.226259],[0.649796,0.220021],[0.677946,0.209621],[0.693896,0.201771]] },
	"3": { "outline": [[0.751296,0.141271],[0.751296,0.0875714],[0.750446,0.0817214],[0.741296,0.0702714],[0.726746,0.0675714],[0.676696,0.0675714],[0.693896,0.201771],[0.704896,0.196371],[0.729746,0.179571],[0.740546,0.169221],[0.748046,0.156271]] }
},
"outline": [[0.251296,0.141271],[0.254446,0.155871],[0.262046,0.168721],[0.273196,0.178721],[0.298396,0.195021],[0.325446,0.208071],[0.353596,0.218471],[0.397146,0.229821],[0.441646,0.236771],[0.486596,0.239871],[0.531596,0.239571],[0.576496,0.235821],[0.620796,0.227971],[0.649796,0.220021],[0.677946,0.209621],[0.704896,0.196371],[0.729746,0.179571],[0.740546,0.169221],[0.748046,0.156271],[0.751296,0.141271],[0.751296,0.0875714],[0.750446,0.0817214],[0.741296,0.0702714],[0.726746,0.0675714],[0.271296,0.0675714],[0.261696,0.0700214],[0.252296,0.0813214]],
"inputs": [[0.303796,0.277321,113.649],[0.341246,0.293721,110.211],[0.380396,0.305521,103.96],[0.420496,0.313421,98.7648],[0.461146,0.317971,94.3154],[0.501996,0.319571,90.3154],[0.542896,0.318421,86.3165],[0.583546,0.314321,81.7657],[0.623746,0.306721,76.3296],[0.662896,0.295021,69.6659],[0.700246,0.278371,65.9735]],
"outputs": [[0.298796,-0.00692858,270],[0.339296,-0.00692858,270],[0.379796,-0.00692858,270],[0.420296,-0.00692858,270],[0.460796,-0.00692858,270],[0.501296,-0.00692858,270],[0.541796,-0.00692858,270],[0.582296,-0.00692858,270],[0.622796,-0.00692858,270],[0.663346,-0.00692858,270],[0.703846,-0.00692858,270]],
"icon": [[0.441296,0.0825714],[0.561296,0.202571]]
}