{
"name": "bulge_s3",
"flags": {
	"0": { "outline": [[0.376296,0.147496],[0.377871,0.154796],[0.381671,0.161221],[0.387246,0.166196],[0.399846,0.174371],[0.412971,0.180696],[0.403996,0.110646],[0.386296,0.110646],[0.381496,0.111871],[0.376796,0.117521]] },
	"1": { "outline": [[0.449221,0.191771],[0.449419,0.191802],[0.439271,0.110646],[0.403996,0.110646],[0.412971,0.180696],[0.413371,0.180896],[0.427446,0.186096]] },
	"2": { "outline": [[0.588996,0.110646],[0.553996,0.110646],[0.56417,0.18999],[0.575546,0.186871],[0.589621,0.181671],[0.597596,0.177746]] },
	"3": { "outline": [[0.626296,0.147496],[0.626296,0.120646],[0.625871,0.117721],[0.621296,0.111996],[0.614021,0.110646],[0.588996,0.110646],[0.597596,0.177746],[0.603096,0.175046],[0.615521,0.166646],[0.620921,0.161471],[0.624671,0.154996]] }
},
"outline": [[0.376296,0.147496],[0.377871,0.154796],[0.381671,0.161221],[0.387246,0.166221],[0.399846,0.174371],[0.413371,0.180896],[0.427446,0.186096],[0.449221,0.191771],[0.471471,0.195246],[0.493946,0.196796],[0.516446,0.196646],[0.538896,0.194771],[0.561046,0.190846],[0.575546,0.186871],[0.589621,0.181671],[0.603096,0.175046],[0.615521,0.166646],[0.620921,0.161471],[0.624671,0.154996],[0.626296,0.147496],[0.626296,0.120646],[0.625871,0.117721],[0.621296,0.111996],[0.614021,0.110646],[0.386296,0.110646],[0.381496,0.111871],[0.376796,0.117521]],
"inputs": [[0.351296,0.263721,90],[0.376296,0.263721,90],[0.401296,0.263721,90],[0.426296,0.263721,90],[0.451296,0.263721,90],[0.476296,0.263721,90],[0.501296,0.263721,90],[0.526296,0.263721,90],[0.551296,0.263721,90],[0.576296,0.263721,90],[0.601296,0.263721,90],[0.626296,0.263721,90],[0.651296,0.263721,90]],
"outputs": [[0.351296,0.0437214,270],[0.376296,0.0437214,270],[0.401296,0.0437214,270],[0.426296,0.0437214,270],[0.451296,0.0437214,270],[0.476296,0.0437214,270],[0.501296,0.0437214,270],[0.526296,0.0437214,270],[0.551296,0.0437214,270],[0.576296,0.0437214,270],[0.601296,0.0437214,270],[0.626296,0.0437214,270],[0.651296,0.0437214,270]],
"icon": [[0.501296,0.153721],[0.501296,0.153721]]
}