{
"name": "bulge_s1",
"flags": {
	"0": { "outline": [[0.151296,0.136291],[0.155706,0.156731],[0.166346,0.174721],[0.181956,0.188651],[0.217236,0.211541],[0.253986,0.229251],[0.228856,0.0331114],[0.179296,0.0331114],[0.165856,0.0365414],[0.152696,0.0523614]] },
	"1": { "outline": [[0.355486,0.260261],[0.356039,0.260348],[0.327626,0.0331114],[0.228856,0.0331114],[0.253986,0.229251],[0.255106,0.229811],[0.294516,0.244371]] },
	"2": { "outline": [[0.746856,0.0331114],[0.648856,0.0331114],[0.677344,0.255273],[0.709196,0.246541],[0.748606,0.231981],[0.770936,0.220991]] },
	"3": { "outline": [[0.851296,0.136291],[0.851296,0.0611114],[0.850106,0.0529214],[0.837296,0.0368914],[0.816926,0.0331114],[0.746856,0.0331114],[0.770936,0.220991],[0.786336,0.213431],[0.821126,0.189911],[0.836246,0.175421],[0.846746,0.157291]] }
},
"outline": [[0.151296,0.136291],[0.155706,0.156731],[0.166346,0.174721],[0.181956,0.188721],[0.217236,0.211541],[0.255106,0.229811],[0.294516,0.244371],[0.355486,0.260261],[0.417786,0.269991],[0.480716,0.274331],[0.543716,0.273911],[0.606576,0.268661],[0.668596,0.257671],[0.709196,0.246541],[0.748606,0.231981],[0.786336,0.213431],[0.821126,0.189911],[0.836246,0.175421],[0.846746,0.157291],[0.851296,0.136291],[0.851296,0.0611114],[0.850106,0.0529214],[0.837296,0.0368914],[0.816926,0.0331114],[0.179296,0.0331114],[0.165856,0.0365414],[0.152696,0.0523614]],
"inputs": [[0.224796,0.313961,113.649],[0.277226,0.336921,110.211],[0.332036,0.353441,103.96],[0.388176,0.364501,98.7648],[0.445086,0.370871,94.3154],[0.502276,0.373111,90.3154],[0.559536,0.371501,86.3165],[0.616446,0.365761,81.7657],[0.672726,0.355121,76.3296],[0.727536,0.338741,69.6659],[0.779826,0.315431,65.9735]],
"outputs": [[0.217796,-0.0583886,270],[0.274496,-0.0583886,270],[0.331196,-0.0583886,270],[0.387896,-0.0583886,270],[0.444596,-0.0583886,270],[0.501296,-0.0583886,270],[0.557996,-0.0583886,270],[0.614696,-0.0583886,270],[0.671396,-0.0583886,270],[0.728166,-0.0583886,270],[0.784866,-0.0583886,270]],
"icon": [[0.417296,0.0541114],[0.585296,0.222111]]
}