{
"name": "circle_s1",
"flags": {
	"0": { "outline": [[0.3172,0.24558],[0.33358,0.27225],[0.35395,0.29605],[0.37775,0.31642],[0.40442,0.3328],[0.43333,0.34477],[0.46378,0.35205],[0.49262,0.35429],[0.4915,0.28142],[0.47827,0.28037],[0.43529,0.26651],[0.39994,0.23837],[0.37663,0.19966],[0.36858,0.1585],[0.29578,0.15836],[0.29795,0.18622],[0.30523,0.21667]] },
	"1": { "outline": [[0.40442,-0.0228],[0.37775,-0.00642],[0.35395,0.01395],[0.33358,0.03775],[0.3172,0.06442],[0.30523,0.09333],[0.29795,0.12378],[0.295994,0.1487],[0.36858,0.14856],[0.37663,0.10733],[0.39994,0.06862],[0.43529,0.04055],[0.47827,0.02669],[0.4915,0.02564],[0.49255,-0.04429],[0.46378,-0.04205],[0.43333,-0.03477]] },
	"2": { "outline": [[0.65642,0.03775],[0.63605,0.01395],[0.61225,-0.00642],[0.58558,-0.0228],[0.55667,-0.03477],[0.52622,-0.04205],[0.498081,-0.0442583],[0.4992,0.02564],[0.51236,0.02669],[0.55541,0.04055],[0.59076,0.06862],[0.614,0.10733],[0.62212,0.14856],[0.694006,0.1487],[0.69205,0.12378],[0.68477,0.09333],[0.6728,0.06442]] },
	"3": { "outline": [[0.6728,0.24558],[0.68477,0.21667],[0.69205,0.18622],[0.69422,0.15836],[0.62212,0.1585],[0.614,0.19966],[0.59076,0.23837],[0.55541,0.26651],[0.51236,0.28037],[0.4992,0.28142],[0.49808,0.354258],[0.52622,0.35205],[0.55667,0.34477],[0.58558,0.3328],[0.61225,0.31642],[0.63605,0.29605],[0.65642,0.27225]] }
},
"outline": [[0.2955,0.155],[0.29795,0.18622],[0.30523,0.21667],[0.3172,0.24558],[0.33358,0.27225],[0.35395,0.29605],[0.37775,0.31642],[0.40442,0.3328],[0.43333,0.34477],[0.46378,0.35205],[0.495,0.3545],[0.52622,0.35205],[0.55667,0.34477],[0.58558,0.3328],[0.61225,0.31642],[0.63605,0.29605],[0.65642,0.27225],[0.6728,0.24558],[0.68477,0.21667],[0.69205,0.18622],[0.6945,0.155],[0.69205,0.12378],[0.68477,0.09333],[0.6728,0.06442],[0.65642,0.03775],[0.63605,0.01395],[0.61225,-0.00642],[0.58558,-0.0228],[0.55667,-0.03477],[0.52622,-0.04205],[0.495,-0.0445],[0.46378,-0.04205],[0.43333,-0.03477],[0.40442,-0.0228],[0.37775,-0.00642],[0.35395,0.01395],[0.33358,0.03775],[0.3172,0.06442],[0.30523,0.09333],[0.29795,0.12378]],
"inputs": [[0.278,0.33673,139.528],[0.31503,0.38013,133.073],[0.36081,0.41415,120.284],[0.41296,0.43732,107.563],[0.46896,0.44838,95.2712],[0.52601,0.44775,83.4842],[0.58173,0.4355,71.2073],[0.63339,0.41121,58.5269],[0.67847,0.37628,45.8259],[0.71466,0.33225,39.4181]],
"outputs": [[0.278,-0.02498,220.472],[0.31503,-0.06838,226.927],[0.36081,-0.1024,239.716],[0.41296,-0.12557,252.437],[0.46896,-0.13663,264.729],[0.52601,-0.136,276.516],[0.58173,-0.12375,288.793],[0.63339,-0.09946,301.473],[0.67847,-0.06453,314.174],[0.71466,-0.0205,320.582]],
"icon": [[0.4215,0.0815],[0.5685,0.2285]]
}