{
"name": "circle_s3",
"flags": {
	"0": { "outline": [[0.4315,0.18735],[0.43735,0.196875],[0.444625,0.205375],[0.453125,0.21265],[0.46265,0.2185],[0.472975,0.222775],[0.48385,0.225375],[0.49415,0.226175],[0.49375,0.20015],[0.489025,0.199775],[0.473675,0.194825],[0.46105,0.184775],[0.452725,0.17095],[0.44985,0.15625],[0.42385,0.1562],[0.424625,0.16615],[0.427225,0.177025]] },
	"1": { "outline": [[0.46265,0.0915],[0.453125,0.09735],[0.444625,0.104625],[0.43735,0.113125],[0.4315,0.12265],[0.427225,0.132975],[0.424625,0.14385],[0.423927,0.15275],[0.44985,0.1527],[0.452725,0.137975],[0.46105,0.12415],[0.473675,0.114125],[0.489025,0.109175],[0.49375,0.1088],[0.494125,0.083825],[0.48385,0.084625],[0.472975,0.087225]] },
	"2": { "outline": [[0.55265,0.113125],[0.545375,0.104625],[0.536875,0.09735],[0.52735,0.0915],[0.517025,0.087225],[0.50615,0.084625],[0.4961,0.0838363],[0.4965,0.1088],[0.5012,0.109175],[0.516575,0.114125],[0.5292,0.12415],[0.5375,0.137975],[0.5404,0.1527],[0.566073,0.15275],[0.565375,0.14385],[0.562775,0.132975],[0.5585,0.12265]] },
	"3": { "outline": [[0.5585,0.18735],[0.562775,0.177025],[0.565375,0.16615],[0.56615,0.1562],[0.5404,0.15625],[0.5375,0.17095],[0.5292,0.184775],[0.516575,0.194825],[0.5012,0.199775],[0.4965,0.20015],[0.4961,0.226164],[0.50615,0.225375],[0.517025,0.222775],[0.52735,0.2185],[0.536875,0.21265],[0.545375,0.205375],[0.55265,0.196875]] }
},
"outline": [[0.42375,0.155],[0.424625,0.16615],[0.427225,0.177025],[0.4315,0.18735],[0.43735,0.196875],[0.444625,0.205375],[0.453125,0.21265],[0.46265,0.2185],[0.472975,0.222775],[0.48385,0.225375],[0.495,0.22625],[0.50615,0.225375],[0.517025,0.222775],[0.52735,0.2185],[0.536875,0.21265],[0.545375,0.205375],[0.55265,0.196875],[0.5585,0.18735],[0.562775,0.177025],[0.565375,0.16615],[0.56625,0.155],[0.565375,0.14385],[0.562775,0.132975],[0.5585,0.12265],[0.55265,0.113125],[0.545375,0.104625],[0.536875,0.09735],[0.52735,0.0915],[0.517025,0.087225],[0.50615,0.084625],[0.495,0.08375],[0.48385,0.084625],[0.472975,0.087225],[0.46265,0.0915],[0.453125,0.09735],[0.444625,0.104625],[0.43735,0.113125],[0.4315,0.12265],[0.427225,0.132975],[0.424625,0.14385]],
"inputs": [[0.345,0.265,90],[0.37,0.265,90],[0.395,0.265,90],[0.42,0.265,90],[0.445,0.265,90],[0.47,0.265,90],[0.495,0.265,90],[0.52,0.265,90],[0.545,0.265,90],[0.57,0.265,90],[0.595,0.265,90],[0.62,0.265,90],[0.645,0.265,90]],
"outputs": [[0.345,0.045,270],[0.37,0.045,270],[0.395,0.045,270],[0.42,0.045,270],[0.445,0.045,270],[0.47,0.045,270],[0.495,0.045,270],[0.52,0.045,270],[0.545,0.045,270],[0.57,0.045,270],[0.595,0.045,270],[0.62,0.045,270],[0.645,0.045,270]],
"icon": [[0.495,0.155],[0.495,0.155]]
}