{
"name": "circle_s2",
"flags": {
	"0": { "outline": [[0.368,0.2197],[0.3797,0.23875],[0.39425,0.25575],[0.41125,0.2703],[0.4303,0.282],[0.45095,0.29055],[0.4727,0.29575],[0.4933,0.29735],[0.4925,0.2453],[0.48305,0.24455],[0.45235,0.23465],[0.4271,0.21455],[0.41045,0.1869],[0.4047,0.1575],[0.3527,0.1574],[0.35425,0.1773],[0.35945,0.19905]] },
	"1": { "outline": [[0.4303,0.028],[0.41125,0.0397],[0.39425,0.05425],[0.3797,0.07125],[0.368,0.0903],[0.35945,0.11095],[0.35425,0.1327],[0.352853,0.1505],[0.4047,0.1504],[0.41045,0.12095],[0.4271,0.0933],[0.45235,0.07325],[0.48305,0.06335],[0.4925,0.0626],[0.49325,0.01265],[0.4727,0.01425],[0.45095,0.01945]] },
	"2": { "outline": [[0.6103,0.07125],[0.59575,0.05425],[0.57875,0.0397],[0.5597,0.028],[0.53905,0.01945],[0.5173,0.01425],[0.4972,0.0126727],[0.498,0.0626],[0.5074,0.06335],[0.53815,0.07325],[0.5634,0.0933],[0.58,0.12095],[0.5858,0.1504],[0.637147,0.1505],[0.63575,0.1327],[0.63055,0.11095],[0.622,0.0903]] },
	"3": { "outline": [[0.622,0.2197],[0.63055,0.19905],[0.63575,0.1773],[0.6373,0.1574],[0.5858,0.1575],[0.58,0.1869],[0.5634,0.21455],[0.53815,0.23465],[0.5074,0.24455],[0.498,0.2453],[0.4972,0.297327],[0.5173,0.29575],[0.53905,0.29055],[0.5597,0.282],[0.57875,0.2703],[0.59575,0.25575],[0.6103,0.23875]] }
},
"outline": [[0.3525,0.155],[0.35425,0.1773],[0.35945,0.19905],[0.368,0.2197],[0.3797,0.23875],[0.39425,0.25575],[0.41125,0.2703],[0.4303,0.282],[0.45095,0.29055],[0.4727,0.29575],[0.495,0.2975],[0.5173,0.29575],[0.53905,0.29055],[0.5597,0.282],[0.57875,0.2703],[0.59575,0.25575],[0.6103,0.23875],[0.622,0.2197],[0.63055,0.19905],[0.63575,0.1773],[0.6375,0.155],[0.63575,0.1327],[0.63055,0.11095],[0.622,0.0903],[0.6103,0.07125],[0.59575,0.05425],[0.57875,0.0397],[0.5597,0.028],[0.53905,0.01945],[0.5173,0.01425],[0.495,0.0125],[0.4727,0.01425],[0.45095,0.01945],[0.4303,0.028],[0.41125,0.0397],[0.39425,0.05425],[0.3797,0.07125],[0.368,0.0903],[0.35945,0.11095],[0.35425,0.1327]],
"inputs": [[0.34,0.29395,139.528],[0.36645,0.32495,133.073],[0.39915,0.34925,120.284],[0.4364,0.3658,107.563],[0.4764,0.3737,95.2712],[0.51715,0.37325,83.4842],[0.55695,0.3645,71.2072],[0.59385,0.34715,58.5269],[0.62605,0.3222,45.826],[0.6519,0.29075,39.4182]],
"outputs": [[0.34,0.0173,220.472],[0.36645,-0.0137,226.927],[0.39915,-0.038,239.716],[0.4364,-0.05455,252.437],[0.4764,-0.06245,264.729],[0.51715,-0.062,276.516],[0.55695,-0.05325,288.793],[0.59385,-0.0359,301.473],[0.62605,-0.01095,314.174],[0.6519,0.0205,320.582]],
"icon": [[0.4425,0.1025],[0.5475,0.2075]]
}