{
"name": "circle_l2",
"flags": {
	"0": { "outline": [[-0.013,0.4138],[0.0338,0.49],[0.092,0.558],[0.16,0.6162],[0.2362,0.663],[0.3188,0.6972],[0.4058,0.718],[0.4882,0.7244],[0.485,0.5162],[0.4472,0.5132],[0.3244,0.4736],[0.2234,0.3932],[0.1568,0.2826],[0.1338,0.165],[-0.0741999,0.1646],[-0.068,0.2442],[-0.0472,0.3312]] },
	"1": { "outline": [[0.2362,-0.353],[0.16,-0.3062],[0.092,-0.248],[0.0338,-0.18],[-0.013,-0.1038],[-0.0472,-0.0212],[-0.068,0.0658],[-0.0735874,0.137],[0.1338,0.1366],[0.1568,0.0188],[0.2234,-0.0918],[0.3244,-0.172],[0.4472,-0.2116],[0.485,-0.2146],[0.488,-0.4144],[0.4058,-0.408],[0.3188,-0.3872]] },
	"2": { "outline": [[0.9562,-0.18],[0.898,-0.248],[0.83,-0.3062],[0.7538,-0.353],[0.6712,-0.3872],[0.5842,-0.408],[0.503801,-0.414309],[0.507,-0.2146],[0.5446,-0.2116],[0.6676,-0.172],[0.7686,-0.0918],[0.835,0.0188],[0.8582,0.1366],[1.06359,0.137],[1.058,0.0658],[1.0372,-0.0212],[1.003,-0.1038]] },
	"3": { "outline": [[1.003,0.4138],[1.0372,0.3312],[1.058,0.2442],[1.0642,0.1646],[0.8582,0.165],[0.835,0.2826],[0.7686,0.3932],[0.6676,0.4736],[0.5446,0.5132],[0.507,0.5162],[0.503801,0.724309],[0.5842,0.718],[0.6712,0.6972],[0.7538,0.663],[0.83,0.6162],[0.898,0.558],[0.9562,0.49]] }
},
"outline": [[-0.075,0.155],[-0.068,0.2442],[-0.0472,0.3312],[-0.013,0.4138],[0.0338,0.49],[0.092,0.558],[0.16,0.6162],[0.2362,0.663],[0.3188,0.6972],[0.4058,0.718],[0.495,0.725],[0.5842,0.718],[0.6712,0.6972],[0.7538,0.663],[0.83,0.6162],[0.898,0.558],[0.9562,0.49],[1.003,0.4138],[1.0372,0.3312],[1.058,0.2442],[1.065,0.155],[1.058,0.0658],[1.0372,-0.0212],[1.003,-0.1038],[0.9562,-0.18],[0.898,-0.248],[0.83,-0.3062],[0.7538,-0.353],[0.6712,-0.3872],[0.5842,-0.408],[0.495,-0.415],[0.4058,-0.408],[0.3188,-0.3872],[0.2362,-0.353],[0.16,-0.3062],[0.092,-0.248],[0.0338,-0.18],[-0.013,-0.1038],[-0.0472,-0.0212],[-0.068,0.0658]],
"inputs": [[-0.0233206,0.510755,139.528],[0.065234,0.614543,133.073],[0.174714,0.6959,120.284],[0.299427,0.751309,107.563],[0.433347,0.777758,95.2712],[0.569778,0.776252,83.4842],[0.703028,0.746957,71.2072],[0.826569,0.688869,58.5269],[0.934375,0.605336,45.826],[1.02092,0.500042,39.4182]],
"outputs": [[-0.0233206,-0.195755,220.472],[0.065234,-0.299543,226.927],[0.174714,-0.3809,239.716],[0.299427,-0.436309,252.437],[0.433347,-0.462758,264.729],[0.569778,-0.461252,276.516],[0.703028,-0.431957,288.793],[0.826569,-0.373869,301.473],[0.934375,-0.290336,314.174],[1.02092,-0.185042,320.582]],
"icon": [[0.39,0.05],[0.6,0.26]]
}