{
"name": "circle_l3",
"flags": {
	"0": { "outline": [[-0.267,0.5432],[-0.1968,0.6575],[-0.1095,0.7595],[-0.00749999,0.8468],[0.1068,0.917],[0.2307,0.9683],[0.3612,0.9995],[0.4848,1.0091],[0.48,0.6968],[0.4233,0.6923],[0.2391,0.6329],[0.0876,0.5123],[-0.0123,0.3464],[-0.0468,0.17],[-0.3588,0.1694],[-0.3495,0.2888],[-0.3183,0.4193]] },
	"1": { "outline": [[0.1068,-0.607],[-0.00749999,-0.5368],[-0.1095,-0.4495],[-0.1968,-0.3475],[-0.267,-0.2332],[-0.3183,-0.1093],[-0.3495,0.0212],[-0.357881,0.128],[-0.0468,0.1274],[-0.0123,-0.0493],[0.0876,-0.2152],[0.2391,-0.3355],[0.4233,-0.3949],[0.48,-0.3994],[0.4845,-0.6991],[0.3612,-0.6895],[0.2307,-0.6583]] },
	"2": { "outline": [[1.1868,-0.3475],[1.0995,-0.4495],[0.9975,-0.5368],[0.8832,-0.607],[0.7593,-0.6583],[0.6288,-0.6895],[0.508202,-0.698964],[0.513,-0.3994],[0.5694,-0.3949],[0.7539,-0.3355],[0.9054,-0.2152],[1.005,-0.0493],[1.0398,0.1274],[1.34788,0.128],[1.3395,0.0212],[1.3083,-0.1093],[1.257,-0.2332]] },
	"3": { "outline": [[1.257,0.5432],[1.3083,0.4193],[1.3395,0.2888],[1.3488,0.1694],[1.0398,0.17],[1.005,0.3464],[0.9054,0.5123],[0.7539,0.6329],[0.5694,0.6923],[0.513,0.6968],[0.508202,1.00896],[0.6288,0.9995],[0.7593,0.9683],[0.8832,0.917],[0.9975,0.8468],[1.0995,0.7595],[1.1868,0.6575]] }
},
"outline": [[-0.36,0.155],[-0.3495,0.2888],[-0.3183,0.4193],[-0.267,0.5432],[-0.1968,0.6575],[-0.1095,0.7595],[-0.00749999,0.8468],[0.1068,0.917],[0.2307,0.9683],[0.3612,0.9995],[0.495,1.01],[0.6288,0.9995],[0.7593,0.9683],[0.8832,0.917],[0.9975,0.8468],[1.0995,0.7595],[1.1868,0.6575],[1.257,0.5432],[1.3083,0.4193],[1.3395,0.2888],[1.35,0.155],[1.3395,0.0212],[1.3083,-0.1093],[1.257,-0.2332],[1.1868,-0.3475],[1.0995,-0.4495],[0.9975,-0.5368],[0.8832,-0.607],[0.7593,-0.6583],[0.6288,-0.6895],[0.495,-0.7],[0.3612,-0.6895],[0.2307,-0.6583],[0.1068,-0.607],[-0.00749999,-0.5368],[-0.1095,-0.4495],[-0.1968,-0.3475],[-0.267,-0.2332],[-0.3183,-0.1093],[-0.3495,0.0212]],
"inputs": [[-0.249731,0.686171,139.528],[-0.122454,0.835343,133.073],[0.0348984,0.952274,120.284],[0.214145,1.03191,107.563],[0.406625,1.06993,95.2712],[0.602714,1.06776,83.4842],[0.794232,1.02566,71.2073],[0.971795,0.942169,58.5269],[1.12674,0.82211,45.826],[1.25113,0.670772,39.4182]],
"outputs": [[-0.249731,-0.368671,220.472],[-0.122454,-0.517843,226.927],[0.0348984,-0.634774,239.716],[0.214145,-0.714413,252.437],[0.406625,-0.752428,264.729],[0.602714,-0.750262,276.516],[0.794232,-0.708157,288.793],[0.971795,-0.624669,301.473],[1.12674,-0.50461,314.174],[1.25113,-0.353272,320.582]],
"icon": [[0.495,0.155],[0.495,0.155]]
}