{
"name": "circle_l1",
"flags": {
	"0": { "outline": [[0.114,0.3491],[0.1491,0.40625],[0.19275,0.45725],[0.24375,0.5009],[0.3009,0.536],[0.36285,0.56165],[0.4281,0.57725],[0.4899,0.58205],[0.4875,0.4259],[0.45915,0.42365],[0.36705,0.39395],[0.2913,0.33365],[0.24135,0.2507],[0.2241,0.1625],[0.0681,0.1622],[0.07275,0.2219],[0.08835,0.28715]] },
	"1": { "outline": [[0.3009,-0.226],[0.24375,-0.1909],[0.19275,-0.14725],[0.1491,-0.09625],[0.114,-0.0391],[0.08835,0.02285],[0.07275,0.0881],[0.0685594,0.1415],[0.2241,0.1412],[0.24135,0.05285],[0.2913,-0.0301],[0.36705,-0.09025],[0.45915,-0.11995],[0.4875,-0.1222],[0.48975,-0.27205],[0.4281,-0.26725],[0.36285,-0.25165]] },
	"2": { "outline": [[0.8409,-0.09625],[0.79725,-0.14725],[0.74625,-0.1909],[0.6891,-0.226],[0.62715,-0.25165],[0.5619,-0.26725],[0.501601,-0.271982],[0.504,-0.1222],[0.5322,-0.11995],[0.62445,-0.09025],[0.7002,-0.0301],[0.75,0.05285],[0.7674,0.1412],[0.921441,0.1415],[0.91725,0.0881],[0.90165,0.02285],[0.876,-0.0391]] },
	"3": { "outline": [[0.876,0.3491],[0.90165,0.28715],[0.91725,0.2219],[0.9219,0.1622],[0.7674,0.1625],[0.75,0.2507],[0.7002,0.33365],[0.62445,0.39395],[0.5322,0.42365],[0.504,0.4259],[0.501601,0.581982],[0.5619,0.57725],[0.62715,0.56165],[0.6891,0.536],[0.74625,0.5009],[0.79725,0.45725],[0.8409,0.40625]] }
},
"outline": [[0.0675,0.155],[0.07275,0.2219],[0.08835,0.28715],[0.114,0.3491],[0.1491,0.40625],[0.19275,0.45725],[0.24375,0.5009],[0.3009,0.536],[0.36285,0.56165],[0.4281,0.57725],[0.495,0.5825],[0.5619,0.57725],[0.62715,0.56165],[0.6891,0.536],[0.74625,0.5009],[0.79725,0.45725],[0.8409,0.40625],[0.876,0.3491],[0.90165,0.28715],[0.91725,0.2219],[0.9225,0.155],[0.91725,0.0881],[0.90165,0.02285],[0.876,-0.0391],[0.8409,-0.09625],[0.79725,-0.14725],[0.74625,-0.1909],[0.6891,-0.226],[0.62715,-0.25165],[0.5619,-0.26725],[0.495,-0.2725],[0.4281,-0.26725],[0.36285,-0.25165],[0.3009,-0.226],[0.24375,-0.1909],[0.19275,-0.14725],[0.1491,-0.09625],[0.114,-0.0391],[0.08835,0.02285],[0.07275,0.0881]],
"inputs": [[0.0819314,0.432596,139.528],[0.152474,0.515273,133.073],[0.239684,0.580081,120.284],[0.33903,0.62422,107.563],[0.44571,0.645289,95.2712],[0.55439,0.644089,83.4842],[0.660537,0.620752,71.2073],[0.758949,0.57448,58.5269],[0.844827,0.507938,45.8259],[0.913769,0.424061,39.4182]],
"outputs": [[0.0819314,-0.118846,220.472],[0.152474,-0.201523,226.927],[0.239684,-0.266331,239.716],[0.33903,-0.31047,252.437],[0.44571,-0.331539,264.729],[0.55439,-0.330339,276.516],[0.660537,-0.307002,288.793],[0.758949,-0.26073,301.473],[0.844827,-0.194188,314.174],[0.913769,-0.110311,320.582]],
"icon": [[0.39,0.05],[0.6,0.26]]
}