{
"name": "light_l3",
"flags": {
	"0": { "outline": [[-0.670982,0.322839],[-0.631082,0.407739],[-0.582482,0.489039],[-0.521282,0.559539],[-0.455882,0.502239],[-0.433982,0.418839],[-0.396219,0.500747],[-0.490082,-0.231861],[-0.549482,-0.197361],[-0.601382,-0.117861],[-0.652982,-0.0191608],[-0.719882,-0.0185608],[-0.794882,0.0369392],[-0.828482,0.124539],[-0.816482,0.217539],[-0.759482,0.291939]] },
	"1": { "outline": [[-0.391382,0.511239],[-0.304982,0.528939],[-0.252182,0.453339],[-0.247382,0.429339],[-0.205982,0.486039],[-0.126182,0.534339],[-0.0577818,0.539739],[-0.0352817,0.502239],[-0.121959,-0.190881],[-0.186782,-0.136161],[-0.199982,-0.101361],[-0.212282,-0.157761],[-0.284582,-0.203661],[-0.368282,-0.122361],[-0.400982,-0.183861],[-0.469982,-0.243861],[-0.490082,-0.231861],[-0.396219,0.500747]] },
	"2": { "outline": [[1.56462,0.756639],[1.36873,-0.564472],[1.30392,-0.585861],[1.21092,-0.604161],[1.11642,-0.610461],[1.02162,-0.605361],[1.01112,-0.603261],[1.2256,0.897823],[1.30752,0.881439],[1.39752,0.851439],[1.48272,0.810039],[1.56222,0.758739]] },
	"3": { "outline": [[1.79982,0.468039],[1.83432,0.379539],[1.85742,0.287739],[1.86882,0.193539],[1.85682,0.00483923],[1.83312,-0.0869608],[1.79832,-0.174861],[1.75242,-0.257961],[1.69692,-0.334761],[1.63212,-0.403761],[1.55922,-0.464361],[1.47942,-0.515661],[1.39392,-0.556161],[1.36873,-0.564472],[1.56462,0.756639],[1.63482,0.697539],[1.69932,0.628239],[1.75452,0.551139]] }
},
"outline": [[0.00491822,0.436239],[-0.0577818,0.539739],[-0.126182,0.534339],[-0.205982,0.486039],[-0.247382,0.429339],[-0.252182,0.453339],[-0.304982,0.528939],[-0.391382,0.511239],[-0.433982,0.418839],[-0.455882,0.502239],[-0.521282,0.559539],[-0.582482,0.489039],[-0.631082,0.407739],[-0.670982,0.322839],[-0.759482,0.291939],[-0.816482,0.217539],[-0.828482,0.124539],[-0.794882,0.0369392],[-0.719882,-0.0185608],[-0.652982,-0.0191608],[-0.601382,-0.117861],[-0.549482,-0.197361],[-0.469982,-0.243861],[-0.400982,-0.183861],[-0.368282,-0.122361],[-0.284582,-0.203661],[-0.212282,-0.157761],[-0.199982,-0.101361],[-0.186782,-0.136161],[-0.117482,-0.194661],[-0.0580817,-0.196161],[0.00101823,-0.0974608],[0.0289182,-0.134661],[0.431818,-0.317661],[0.596518,-0.411561],[0.752218,-0.518961],[0.838318,-0.559161],[0.928618,-0.587961],[1.02162,-0.605361],[1.11642,-0.610461],[1.21092,-0.604161],[1.30392,-0.585861],[1.39392,-0.556161],[1.47942,-0.515661],[1.55922,-0.464361],[1.63212,-0.403761],[1.69692,-0.334761],[1.75242,-0.257961],[1.79832,-0.174861],[1.83312,-0.0869608],[1.85682,0.00483923],[1.86882,0.193539],[1.85742,0.287739],[1.83432,0.379539],[1.79982,0.468039],[1.75452,0.551139],[1.69932,0.628239],[1.63482,0.697539],[1.56222,0.758739],[1.48272,0.810039],[1.39752,0.851439],[1.30752,0.881439],[1.21452,0.900039],[1.11162,0.906939],[1.02552,0.902139],[0.932218,0.885639],[0.841618,0.857139],[0.755518,0.817539],[0.514618,0.667239],[0.346018,0.580539],[0.0739183,0.498339]],
"inputs": [[-0.394082,1.01074,90],[-0.199196,1.01074,90],[-0.00431007,1.01074,90],[0.190576,1.01074,90],[0.385462,1.01074,90],[0.580348,1.01074,90],[0.775234,1.01074,90],[0.97012,1.01074,90],[1.16501,1.01074,90],[1.36013,1.01074,90],[1.55502,1.01074,90]],
"outputs": [[-0.394082,-0.717261,270],[-0.199196,-0.717261,270],[-0.00431007,-0.717261,270],[0.190576,-0.717261,270],[0.385462,-0.717261,270],[0.580348,-0.717261,270],[0.775234,-0.717261,270],[0.97012,-0.717261,270],[1.16501,-0.717261,270],[1.36013,-0.717261,270],[1.55502,-0.717261,270]],
"icon": [[0.520168,0.148239],[0.520168,0.148239]]
}