{
"name": "light_s3",
"flags": {
	"0": { "outline": [[0.420906,0.162789],[0.424231,0.169864],[0.428281,0.176639],[0.433381,0.182514],[0.438831,0.177739],[0.440656,0.170789],[0.443803,0.177615],[0.435981,0.116564],[0.431031,0.119439],[0.426706,0.126064],[0.422406,0.134289],[0.416831,0.134339],[0.410581,0.138964],[0.407781,0.146264],[0.408781,0.154014],[0.413531,0.160214]] },
	"1": { "outline": [[0.444206,0.178489],[0.451406,0.179964],[0.455806,0.173664],[0.456206,0.171664],[0.459656,0.176389],[0.466306,0.180414],[0.472006,0.180864],[0.473881,0.177739],[0.466658,0.119979],[0.461256,0.124539],[0.460156,0.127439],[0.459131,0.122739],[0.453106,0.118914],[0.446131,0.125689],[0.443406,0.120564],[0.437656,0.115564],[0.435981,0.116564],[0.443803,0.177615]] },
	"2": { "outline": [[0.607206,0.198939],[0.590882,0.0888466],[0.585481,0.0870642],[0.577731,0.0855392],[0.569856,0.0850142],[0.561956,0.0854392],[0.561081,0.0856142],[0.578954,0.210705],[0.585781,0.209339],[0.593281,0.206839],[0.600381,0.203389],[0.607006,0.199114]] },
	"3": { "outline": [[0.626806,0.174889],[0.629681,0.167514],[0.631606,0.159864],[0.632556,0.152014],[0.631556,0.136289],[0.629581,0.128639],[0.626681,0.121314],[0.622856,0.114389],[0.618231,0.107989],[0.612831,0.102239],[0.606756,0.0971892],[0.600106,0.0929142],[0.592981,0.0895392],[0.590882,0.0888466],[0.607206,0.198939],[0.613056,0.194014],[0.618431,0.188239],[0.623031,0.181814]] }
},
"outline": [[0.477231,0.172239],[0.472006,0.180864],[0.466306,0.180414],[0.459656,0.176389],[0.456206,0.171664],[0.455806,0.173664],[0.451406,0.179964],[0.444206,0.178489],[0.440656,0.170789],[0.438831,0.177739],[0.433381,0.182514],[0.428281,0.176639],[0.424231,0.169864],[0.420906,0.162789],[0.413531,0.160214],[0.408781,0.154014],[0.407781,0.146264],[0.410581,0.138964],[0.416831,0.134339],[0.422406,0.134289],[0.426706,0.126064],[0.431031,0.119439],[0.437656,0.115564],[0.443406,0.120564],[0.446131,0.125689],[0.453106,0.118914],[0.459131,0.122739],[0.460156,0.127439],[0.461256,0.124539],[0.467031,0.119664],[0.471981,0.119539],[0.476906,0.127764],[0.479231,0.124664],[0.512806,0.109414],[0.526531,0.101589],[0.539506,0.0926392],[0.546681,0.0892892],[0.554206,0.0868892],[0.561956,0.0854392],[0.569856,0.0850142],[0.577731,0.0855392],[0.585481,0.0870642],[0.592981,0.0895392],[0.600106,0.0929142],[0.606756,0.0971892],[0.612831,0.102239],[0.618231,0.107989],[0.622856,0.114389],[0.626681,0.121314],[0.629581,0.128639],[0.631556,0.136289],[0.632556,0.152014],[0.631606,0.159864],[0.629681,0.167514],[0.626806,0.174889],[0.623031,0.181814],[0.618431,0.188239],[0.613056,0.194014],[0.607006,0.199114],[0.600381,0.203389],[0.593281,0.206839],[0.585781,0.209339],[0.578031,0.210889],[0.569456,0.211464],[0.562281,0.211064],[0.554506,0.209689],[0.546956,0.207314],[0.539781,0.204014],[0.519706,0.191489],[0.505656,0.184264],[0.482981,0.177414]],
"inputs": [[0.370168,0.258239,90],[0.395168,0.258239,90],[0.420168,0.258239,90],[0.445168,0.258239,90],[0.470168,0.258239,90],[0.495168,0.258239,90],[0.520168,0.258239,90],[0.545168,0.258239,90],[0.570168,0.258239,90],[0.595168,0.258239,90],[0.620168,0.258239,90],[0.645168,0.258239,90],[0.670168,0.258239,90]],
"outputs": [[0.370168,0.0382392,270],[0.395168,0.0382392,270],[0.420168,0.0382392,270],[0.445168,0.0382392,270],[0.470168,0.0382392,270],[0.495168,0.0382392,270],[0.520168,0.0382392,270],[0.545168,0.0382392,270],[0.570168,0.0382392,270],[0.595168,0.0382392,270],[0.620168,0.0382392,270],[0.645168,0.0382392,270],[0.670168,0.0382392,270]],
"icon": [[0.520168,0.148239],[0.520168,0.148239]]
}