{
"name": "light_s2",
"flags": {
	"0": { "outline": [[0.321643,0.177339],[0.328293,0.191489],[0.336393,0.205039],[0.346593,0.216789],[0.357493,0.207239],[0.361143,0.193339],[0.367437,0.206991],[0.351793,0.0848892],[0.341893,0.0906392],[0.333243,0.103889],[0.324643,0.120339],[0.313493,0.120439],[0.300993,0.129689],[0.295393,0.144289],[0.297393,0.159789],[0.306893,0.172189]] },
	"1": { "outline": [[0.368243,0.208739],[0.382643,0.211689],[0.391443,0.199089],[0.392243,0.195089],[0.399143,0.204539],[0.412443,0.212589],[0.423843,0.213489],[0.427593,0.207239],[0.413147,0.0917192],[0.402343,0.100839],[0.400143,0.106639],[0.398093,0.0972392],[0.386043,0.0895892],[0.372093,0.103139],[0.366643,0.0928892],[0.355143,0.0828892],[0.351793,0.0848892],[0.367437,0.206991]] },
	"2": { "outline": [[0.694243,0.249639],[0.661595,0.029454],[0.650793,0.0258892],[0.635293,0.0228392],[0.619543,0.0217892],[0.603743,0.0226392],[0.601993,0.0229892],[0.63774,0.27317],[0.651393,0.270439],[0.666393,0.265439],[0.680593,0.258539],[0.693843,0.249989]] },
	"3": { "outline": [[0.733443,0.201539],[0.739193,0.186789],[0.743043,0.171489],[0.744943,0.155789],[0.742943,0.124339],[0.738993,0.109039],[0.733193,0.0943892],[0.725543,0.0805392],[0.716293,0.0677392],[0.705493,0.0562392],[0.693343,0.0461392],[0.680043,0.0375892],[0.665793,0.0308392],[0.661595,0.029454],[0.694243,0.249639],[0.705943,0.239789],[0.716693,0.228239],[0.725893,0.215389]] }
},
"outline": [[0.434293,0.196239],[0.423843,0.213489],[0.412443,0.212589],[0.399143,0.204539],[0.392243,0.195089],[0.391443,0.199089],[0.382643,0.211689],[0.368243,0.208739],[0.361143,0.193339],[0.357493,0.207239],[0.346593,0.216789],[0.336393,0.205039],[0.328293,0.191489],[0.321643,0.177339],[0.306893,0.172189],[0.297393,0.159789],[0.295393,0.144289],[0.300993,0.129689],[0.313493,0.120439],[0.324643,0.120339],[0.333243,0.103889],[0.341893,0.0906392],[0.355143,0.0828892],[0.366643,0.0928892],[0.372093,0.103139],[0.386043,0.0895892],[0.398093,0.0972392],[0.400143,0.106639],[0.402343,0.100839],[0.413893,0.0910892],[0.423793,0.0908392],[0.433643,0.107289],[0.438293,0.101089],[0.505443,0.0705892],[0.532893,0.0549392],[0.558843,0.0370392],[0.573193,0.0303392],[0.588243,0.0255392],[0.603743,0.0226392],[0.619543,0.0217892],[0.635293,0.0228392],[0.650793,0.0258892],[0.665793,0.0308392],[0.680043,0.0375892],[0.693343,0.0461392],[0.705493,0.0562392],[0.716293,0.0677392],[0.725543,0.0805392],[0.733193,0.0943892],[0.738993,0.109039],[0.742943,0.124339],[0.744943,0.155789],[0.743043,0.171489],[0.739193,0.186789],[0.733443,0.201539],[0.725893,0.215389],[0.716693,0.228239],[0.705943,0.239789],[0.693843,0.249989],[0.680593,0.258539],[0.666393,0.265439],[0.651393,0.270439],[0.635893,0.273539],[0.618743,0.274689],[0.604393,0.273889],[0.588843,0.271139],[0.573743,0.266389],[0.559393,0.259789],[0.519243,0.234739],[0.491143,0.220289],[0.445793,0.206589]],
"inputs": [[0.327693,0.349989,90],[0.368193,0.349989,90],[0.408693,0.349989,90],[0.449193,0.349989,90],[0.489693,0.349989,90],[0.530193,0.349989,90],[0.570693,0.349989,90],[0.611193,0.349989,90],[0.651693,0.349989,90],[0.692243,0.349989,90],[0.732743,0.349989,90]],
"outputs": [[0.327693,-0.0540108,270],[0.368193,-0.0540108,270],[0.408693,-0.0540108,270],[0.449193,-0.0540108,270],[0.489693,-0.0540108,270],[0.530193,-0.0540108,270],[0.570693,-0.0540108,270],[0.611193,-0.0540108,270],[0.651693,-0.0540108,270],[0.692243,-0.0540108,270],[0.732743,-0.0540108,270]],
"icon": [[0.485193,0.0904892],[0.605193,0.210489]]
}