{
"name": "light_l1",
"flags": {
	"0": { "outline": [[-0.0754068,0.235539],[-0.0554568,0.277989],[-0.0311568,0.318639],[-0.000556767,0.353889],[0.0321432,0.325239],[0.0430932,0.283539],[0.0619745,0.324493],[0.0150433,-0.0418108],[-0.0146568,-0.0245608],[-0.0406068,0.0151892],[-0.0664068,0.0645392],[-0.0998568,0.0648392],[-0.137357,0.0925892],[-0.154157,0.136389],[-0.148157,0.182889],[-0.119657,0.220089]] },
	"1": { "outline": [[0.0643932,0.329739],[0.107593,0.338589],[0.133993,0.300789],[0.136393,0.288789],[0.157093,0.317139],[0.196993,0.341289],[0.231193,0.343989],[0.242443,0.325239],[0.199104,-0.0213209],[0.166693,0.00603923],[0.160093,0.0234392],[0.153943,-0.00476077],[0.117793,-0.0277108],[0.0759432,0.0129392],[0.0595932,-0.0178108],[0.0250932,-0.0478108],[0.0150433,-0.0418108],[0.0619745,0.324493]] },
	"2": { "outline": [[1.04239,0.452439],[0.94445,-0.208117],[0.912043,-0.218811],[0.865543,-0.227961],[0.818293,-0.231111],[0.770893,-0.228561],[0.765643,-0.227511],[0.872885,0.523031],[0.913843,0.514839],[0.958843,0.499839],[1.00144,0.479139],[1.04119,0.453489]] },
	"3": { "outline": [[1.15999,0.308139],[1.17724,0.263889],[1.18879,0.217989],[1.19449,0.170889],[1.18849,0.0765392],[1.17664,0.0306392],[1.15924,-0.0133108],[1.13629,-0.0548608],[1.10854,-0.0932608],[1.07614,-0.127761],[1.03969,-0.158061],[0.999793,-0.183711],[0.957043,-0.203961],[0.94445,-0.208117],[1.04239,0.452439],[1.07749,0.422889],[1.10974,0.388239],[1.13734,0.349689]] }
},
"outline": [[0.262543,0.292239],[0.231193,0.343989],[0.196993,0.341289],[0.157093,0.317139],[0.136393,0.288789],[0.133993,0.300789],[0.107593,0.338589],[0.0643932,0.329739],[0.0430932,0.283539],[0.0321432,0.325239],[-0.000556767,0.353889],[-0.0311568,0.318639],[-0.0554568,0.277989],[-0.0754068,0.235539],[-0.119657,0.220089],[-0.148157,0.182889],[-0.154157,0.136389],[-0.137357,0.0925892],[-0.0998568,0.0648392],[-0.0664068,0.0645392],[-0.0406068,0.0151892],[-0.0146568,-0.0245608],[0.0250932,-0.0478108],[0.0595932,-0.0178108],[0.0759432,0.0129392],[0.117793,-0.0277108],[0.153943,-0.00476077],[0.160093,0.0234392],[0.166693,0.00603923],[0.201343,-0.0232108],[0.231043,-0.0239608],[0.260593,0.0253892],[0.274543,0.00678924],[0.475993,-0.0847108],[0.558343,-0.131661],[0.636193,-0.185361],[0.679243,-0.205461],[0.724393,-0.219861],[0.770893,-0.228561],[0.818293,-0.231111],[0.865543,-0.227961],[0.912043,-0.218811],[0.957043,-0.203961],[0.999793,-0.183711],[1.03969,-0.158061],[1.07614,-0.127761],[1.10854,-0.0932608],[1.13629,-0.0548608],[1.15924,-0.0133108],[1.17664,0.0306392],[1.18849,0.0765392],[1.19449,0.170889],[1.18879,0.217989],[1.17724,0.263889],[1.15999,0.308139],[1.13734,0.349689],[1.10974,0.388239],[1.07749,0.422889],[1.04119,0.453489],[1.00144,0.479139],[0.958843,0.499839],[0.913843,0.514839],[0.867343,0.524139],[0.815893,0.527589],[0.772843,0.525189],[0.726193,0.516939],[0.680893,0.502689],[0.637843,0.482889],[0.517393,0.407739],[0.433093,0.364389],[0.297043,0.323289]],
"inputs": [[0.010184,0.601489,90],[0.118198,0.601489,90],[0.226211,0.601489,90],[0.334225,0.601489,90],[0.442238,0.601489,90],[0.550252,0.601489,90],[0.658265,0.601489,90],[0.766279,0.601489,90],[0.874292,0.601489,90],[0.982439,0.601489,90],[1.09045,0.601489,90]],
"outputs": [[0.010184,-0.306511,270],[0.118198,-0.306511,270],[0.226211,-0.306511,270],[0.334225,-0.306511,270],[0.442238,-0.306511,270],[0.550252,-0.306511,270],[0.658265,-0.306511,270],[0.766279,-0.306511,270],[0.874292,-0.306511,270],[0.982439,-0.306511,270],[1.09045,-0.306511,270]],
"icon": [[0.450218,0.0327392],[0.690218,0.272739]]
}