{
"name": "light_l2",
"flags": {
	"0": { "outline": [[-0.273932,0.264639],[-0.247332,0.321239],[-0.214932,0.375439],[-0.174132,0.422439],[-0.130532,0.384239],[-0.115932,0.328639],[-0.0907567,0.383244],[-0.153332,-0.105161],[-0.192932,-0.0821608],[-0.227532,-0.0291608],[-0.261932,0.0366392],[-0.306532,0.0370392],[-0.356532,0.0740392],[-0.378932,0.132439],[-0.370932,0.194439],[-0.332932,0.244039]] },
	"1": { "outline": [[-0.0875318,0.390239],[-0.0299318,0.402039],[0.00526822,0.351639],[0.00846821,0.335639],[0.0360682,0.373439],[0.0892682,0.405639],[0.134868,0.409239],[0.149868,0.384239],[0.0920832,-0.0778409],[0.0488682,-0.0413608],[0.0400682,-0.0181608],[0.0318682,-0.0557608],[-0.0163318,-0.0863608],[-0.0721318,-0.0321608],[-0.0939318,-0.0731608],[-0.139932,-0.113161],[-0.153332,-0.105161],[-0.0907567,0.383244]] },
	"2": { "outline": [[1.21647,0.553839],[1.08588,-0.326902],[1.04267,-0.341161],[0.980668,-0.353361],[0.917668,-0.357561],[0.854468,-0.354161],[0.847468,-0.352761],[0.990457,0.647961],[1.04507,0.637039],[1.10507,0.617039],[1.16187,0.589439],[1.21487,0.555239]] },
	"3": { "outline": [[1.37327,0.361439],[1.39627,0.302439],[1.41167,0.241239],[1.41927,0.178439],[1.41127,0.0526392],[1.39547,-0.00856076],[1.37227,-0.0671608],[1.34167,-0.122561],[1.30467,-0.173761],[1.26147,-0.219761],[1.21287,-0.260161],[1.15967,-0.294361],[1.10267,-0.321361],[1.08588,-0.326902],[1.21647,0.553839],[1.26327,0.514439],[1.30627,0.468239],[1.34307,0.416839]] }
},
"outline": [[0.176668,0.340239],[0.134868,0.409239],[0.0892682,0.405639],[0.0360682,0.373439],[0.00846821,0.335639],[0.00526822,0.351639],[-0.0299318,0.402039],[-0.0875318,0.390239],[-0.115932,0.328639],[-0.130532,0.384239],[-0.174132,0.422439],[-0.214932,0.375439],[-0.247332,0.321239],[-0.273932,0.264639],[-0.332932,0.244039],[-0.370932,0.194439],[-0.378932,0.132439],[-0.356532,0.0740392],[-0.306532,0.0370392],[-0.261932,0.0366392],[-0.227532,-0.0291608],[-0.192932,-0.0821608],[-0.139932,-0.113161],[-0.0939318,-0.0731608],[-0.0721318,-0.0321608],[-0.0163318,-0.0863608],[0.0318682,-0.0557608],[0.0400682,-0.0181608],[0.0488682,-0.0413608],[0.0950682,-0.0803608],[0.134668,-0.0813608],[0.174068,-0.0155608],[0.192668,-0.0403608],[0.461268,-0.162361],[0.571068,-0.224961],[0.674868,-0.296561],[0.732268,-0.323361],[0.792468,-0.342561],[0.854468,-0.354161],[0.917668,-0.357561],[0.980668,-0.353361],[1.04267,-0.341161],[1.10267,-0.321361],[1.15967,-0.294361],[1.21287,-0.260161],[1.26147,-0.219761],[1.30467,-0.173761],[1.34167,-0.122561],[1.37227,-0.0671608],[1.39547,-0.00856076],[1.41127,0.0526392],[1.41927,0.178439],[1.41167,0.241239],[1.39627,0.302439],[1.37327,0.361439],[1.34307,0.416839],[1.30627,0.468239],[1.26327,0.514439],[1.21487,0.555239],[1.16187,0.589439],[1.10507,0.617039],[1.04507,0.637039],[0.983068,0.649439],[0.914468,0.654039],[0.857068,0.650839],[0.794868,0.639839],[0.734468,0.620839],[0.677068,0.594439],[0.516468,0.494239],[0.404068,0.436439],[0.222668,0.381639]],
"inputs": [[-0.117685,0.730239,90],[0.0179085,0.730239,90],[0.153503,0.730239,90],[0.289097,0.730239,90],[0.424691,0.730239,90],[0.560284,0.730239,90],[0.695879,0.730239,90],[0.831473,0.730239,90],[0.967067,0.730239,90],[1.10283,0.730239,90],[1.23842,0.730239,90]],
"outputs": [[-0.117685,-0.435761,270],[0.0179085,-0.435761,270],[0.153503,-0.435761,270],[0.289097,-0.435761,270],[0.424691,-0.435761,270],[0.560284,-0.435761,270],[0.695879,-0.435761,270],[0.831473,-0.435761,270],[0.967067,-0.435761,270],[1.10283,-0.435761,270],[1.23842,-0.435761,270]],
"icon": [[0.450218,0.0327392],[0.690218,0.272739]]
}