{
"name": "light_s1",
"flags": {
	"0": { "outline": [[0.242233,0.188979],[0.251543,0.208789],[0.262883,0.227759],[0.277163,0.244209],[0.292423,0.230839],[0.297533,0.211379],[0.306344,0.230491],[0.284443,0.0595492],[0.270583,0.0675992],[0.258473,0.0861492],[0.246433,0.109179],[0.230823,0.109319],[0.213323,0.122269],[0.205483,0.142709],[0.208283,0.164409],[0.221583,0.181769]] },
	"1": { "outline": [[0.307473,0.232939],[0.327633,0.237069],[0.339953,0.219429],[0.341073,0.213829],[0.350733,0.227059],[0.369353,0.238329],[0.385313,0.239589],[0.390563,0.230839],[0.370338,0.0691112],[0.355213,0.0818792],[0.352133,0.0899992],[0.349263,0.0768392],[0.332393,0.0661292],[0.312863,0.0850992],[0.305233,0.0707492],[0.289133,0.0567492],[0.284443,0.0595492],[0.306344,0.230491]] },
	"2": { "outline": [[0.763873,0.290199],[0.718166,-0.0180602],[0.703043,-0.0230508],[0.681343,-0.0273208],[0.659293,-0.0287908],[0.637173,-0.0276008],[0.634723,-0.0271108],[0.684769,0.323142],[0.703883,0.319319],[0.724883,0.312319],[0.744763,0.302659],[0.763313,0.290689]] },
	"3": { "outline": [[0.818753,0.222859],[0.826803,0.202209],[0.832193,0.180789],[0.834853,0.158809],[0.832053,0.114779],[0.826523,0.0933592],[0.818403,0.0728492],[0.807693,0.0534592],[0.794743,0.0355392],[0.779623,0.0194392],[0.762613,0.00529924],[0.743993,-0.00667076],[0.724043,-0.0161208],[0.718166,-0.0180602],[0.763873,0.290199],[0.780253,0.276409],[0.795303,0.260239],[0.808183,0.242249]] }
},
"outline": [[0.399943,0.215439],[0.385313,0.239589],[0.369353,0.238329],[0.350733,0.227059],[0.341073,0.213829],[0.339953,0.219429],[0.327633,0.237069],[0.307473,0.232939],[0.297533,0.211379],[0.292423,0.230839],[0.277163,0.244209],[0.262883,0.227759],[0.251543,0.208789],[0.242233,0.188979],[0.221583,0.181769],[0.208283,0.164409],[0.205483,0.142709],[0.213323,0.122269],[0.230823,0.109319],[0.246433,0.109179],[0.258473,0.0861492],[0.270583,0.0675992],[0.289133,0.0567492],[0.305233,0.0707492],[0.312863,0.0850992],[0.332393,0.0661292],[0.349263,0.0768392],[0.352133,0.0899992],[0.355213,0.0818792],[0.371383,0.0682292],[0.385243,0.0678792],[0.399033,0.0909092],[0.405543,0.0822292],[0.499553,0.0395292],[0.537983,0.0176192],[0.574313,-0.00744076],[0.594403,-0.0168208],[0.615473,-0.0235408],[0.637173,-0.0276008],[0.659293,-0.0287908],[0.681343,-0.0273208],[0.703043,-0.0230508],[0.724043,-0.0161208],[0.743993,-0.00667076],[0.762613,0.00529924],[0.779623,0.0194392],[0.794743,0.0355392],[0.807693,0.0534592],[0.818403,0.0728492],[0.826523,0.0933592],[0.832053,0.114779],[0.834853,0.158809],[0.832193,0.180789],[0.826803,0.202209],[0.818753,0.222859],[0.808183,0.242249],[0.795303,0.260239],[0.780253,0.276409],[0.763313,0.290689],[0.744763,0.302659],[0.724883,0.312319],[0.703883,0.319319],[0.682183,0.323659],[0.658173,0.325269],[0.638083,0.324149],[0.616313,0.320299],[0.595173,0.313649],[0.575083,0.304409],[0.518873,0.269339],[0.479533,0.249109],[0.416043,0.229929]],
"inputs": [[0.250703,0.417889,90],[0.307403,0.417889,90],[0.364103,0.417889,90],[0.420803,0.417889,90],[0.477503,0.417889,90],[0.534203,0.417889,90],[0.590903,0.417889,90],[0.647603,0.417889,90],[0.704303,0.417889,90],[0.761073,0.417889,90],[0.817773,0.417889,90]],
"outputs": [[0.250703,-0.122111,270],[0.307403,-0.122111,270],[0.364103,-0.122111,270],[0.420803,-0.122111,270],[0.477503,-0.122111,270],[0.534203,-0.122111,270],[0.590903,-0.122111,270],[0.647603,-0.122111,270],[0.704303,-0.122111,270],[0.761073,-0.122111,270],[0.817773,-0.122111,270]],
"icon": [[0.471203,0.0673892],[0.639203,0.235389]]
}