{
"name": "rect_l1",
"flags": {
	"0": { "outline": [[-0.249421,0.135998],[-0.246779,0.273729],[-0.237036,0.341298],[-0.213434,0.361414],[-0.143835,0.368022],[-0.0266137,0.370905],[-0.0830391,-0.0699179],[-0.138859,-0.0688101],[-0.211905,-0.0624177],[-0.233285,-0.0458872],[-0.241274,-0.0210512],[-0.246427,0.0244601]] },
	"1": { "outline": [[0.128187,-0.073188],[0.0742303,-0.0730388],[-0.0830391,-0.0699179],[-0.0266137,0.370905],[0.033172,0.372375],[0.183978,0.373143]] },
	"2": { "outline": [[1.02686,-0.0707319],[0.953904,-0.0724867],[0.816548,-0.0731476],[0.87369,0.373275],[0.932448,0.37313],[1.08323,0.369692]] },
	"3": { "outline": [[1.22668,-0.0545093],[1.20228,-0.0630814],[1.15353,-0.067685],[1.02686,-0.0707319],[1.08323,0.369692],[1.15515,0.368052],[1.20069,0.364005],[1.22524,0.355962],[1.24,0.330564],[1.24728,0.262431],[1.24942,0.164023],[1.24782,0.0426671],[1.24089,-0.0290432]] }
},
"outline": [[-0.246779,0.273729],[-0.237036,0.341298],[-0.213434,0.361414],[-0.143835,0.368022],[0.033172,0.372375],[0.427056,0.374382],[0.932448,0.37313],[1.15515,0.368052],[1.20069,0.364005],[1.22524,0.355962],[1.24,0.330564],[1.24728,0.262431],[1.24942,0.164023],[1.24782,0.0426671],[1.24089,-0.0290432],[1.22668,-0.0545093],[1.20228,-0.0630814],[1.15353,-0.067685],[0.953904,-0.0724867],[0.560046,-0.0743817],[0.0742303,-0.0730388],[-0.138859,-0.0688101],[-0.211905,-0.0624177],[-0.233285,-0.0458872],[-0.241274,-0.0210512],[-0.246427,0.0244601],[-0.249421,0.135998]],
"inputs": [[0.176956,0.447507,90],[0.241594,0.447507,90],[0.306232,0.447507,90],[0.37087,0.447507,90],[0.435508,0.447507,90],[0.500146,0.447507,90],[0.564784,0.447507,90],[0.629422,0.447507,90],[0.69406,0.447507,90],[0.758778,0.447507,90],[0.823416,0.447507,90]],
"outputs": [[0.176956,-0.147493,270],[0.241594,-0.147493,270],[0.306232,-0.147493,270],[0.37087,-0.147493,270],[0.435508,-0.147493,270],[0.500146,-0.147493,270],[0.564784,-0.147493,270],[0.629422,-0.147493,270],[0.69406,-0.147493,270],[0.758778,-0.147493,270],[0.823416,-0.147493,270]],
"icon": [[0.380111,0.0300071],[0.620111,0.270007]]
}