{
"name": "rect_s1",
"flags": {
	"0": { "outline": [[0.15917,0.05249],[0.15,0.073],[0.15,0.227],[0.15847,0.24688],[0.17842,0.255],[0.25444,0.255],[0.22756,0.045],[0.178,0.045]] },
	"1": { "outline": [[0.32633,0.045],[0.22756,0.045],[0.25444,0.255],[0.35258,0.255]] },
	"2": { "outline": [[0.77244,0.255],[0.74556,0.045],[0.64756,0.045],[0.67444,0.255]] },
	"3": { "outline": [[0.82158,0.045],[0.74556,0.045],[0.77244,0.255],[0.822,0.255],[0.84083,0.24751],[0.85,0.227],[0.85,0.073],[0.84153,0.05312]] }
},
"outline": [[0.15,0.227],[0.15847,0.24688],[0.17842,0.255],[0.822,0.255],[0.84083,0.24751],[0.85,0.227],[0.85,0.073],[0.84153,0.05312],[0.82158,0.045],[0.178,0.045],[0.15917,0.05249],[0.15,0.073]],
"inputs": [[0.2165,0.3465,90],[0.2732,0.3465,90],[0.3299,0.3465,90],[0.3866,0.3465,90],[0.4433,0.3465,90],[0.5,0.3465,90],[0.5567,0.3465,90],[0.6134,0.3465,90],[0.6701,0.3465,90],[0.72687,0.3465,90],[0.78357,0.3465,90]],
"outputs": [[0.2165,-0.0465,270],[0.2732,-0.0465,270],[0.3299,-0.0465,270],[0.3866,-0.0465,270],[0.4433,-0.0465,270],[0.5,-0.0465,270],[0.5567,-0.0465,270],[0.6134,-0.0465,270],[0.6701,-0.0465,270],[0.72687,-0.0465,270],[0.78357,-0.0465,270]],
"icon": [[0.416,0.066],[0.584,0.234]]
}