{
"name": "rect_l2",
"flags": {
	"0": { "outline": [[-0.277669,-0.143706],[-0.319388,-0.142754],[-0.411277,-0.138236],[-0.447764,-0.132877],[-0.465971,-0.125373],[-0.478528,-0.110133],[-0.485577,-0.0916217],[-0.491942,-0.0574061],[-0.49738,0.0270963],[-0.499051,0.136824],[-0.498232,0.246478],[-0.495562,0.31614],[-0.492501,0.355944],[-0.487815,0.385348],[-0.481933,0.404397],[-0.470867,0.420746],[-0.454043,0.430373],[-0.419742,0.436528],[-0.330557,0.441971],[-0.202363,0.444625]] },
	"1": { "outline": [[-0.202363,0.444625],[-0.126639,0.446193],[0.0784418,0.447731],[0.00403606,-0.147515],[-0.0405858,-0.147256],[-0.199932,-0.145479],[-0.277669,-0.143706]] },
	"2": { "outline": [[1.20217,-0.144989],[1.05666,-0.146871],[0.92181,-0.147773],[0.997996,0.447429],[1.16996,0.445911],[1.27752,0.443695]] },
	"3": { "outline": [[1.47704,-0.113112],[1.46289,-0.126785],[1.4443,-0.13269],[1.40993,-0.137366],[1.33541,-0.141584],[1.2161,-0.144809],[1.20217,-0.144989],[1.27752,0.443695],[1.31912,0.442838],[1.40332,0.438712],[1.43807,0.434715],[1.45727,0.43006],[1.47283,0.418352],[1.48248,0.401003],[1.48769,0.381962],[1.49218,0.352408],[1.49638,0.292743],[1.49905,0.173153],[1.49733,0.0235317],[1.49198,-0.0608913],[1.48517,-0.0950469]] }
},
"outline": [[-0.495562,0.31614],[-0.492501,0.355944],[-0.487815,0.385348],[-0.481933,0.404397],[-0.470867,0.420746],[-0.454043,0.430373],[-0.419742,0.436528],[-0.330557,0.441971],[-0.126639,0.446193],[0.172626,0.448438],[0.481831,0.449108],[0.890764,0.448376],[1.16996,0.445911],[1.31912,0.442838],[1.40332,0.438712],[1.43807,0.434715],[1.45727,0.43006],[1.47283,0.418352],[1.48248,0.401003],[1.48769,0.381962],[1.49218,0.352408],[1.49638,0.292743],[1.49905,0.173153],[1.49733,0.0235317],[1.49198,-0.0608913],[1.48517,-0.0950469],[1.47704,-0.113112],[1.46289,-0.126785],[1.4443,-0.13269],[1.40993,-0.137366],[1.33541,-0.141584],[1.2161,-0.144809],[1.05666,-0.146871],[0.817248,-0.148472],[0.511796,-0.149108],[0.198869,-0.148643],[-0.0405858,-0.147256],[-0.199932,-0.145479],[-0.319388,-0.142754],[-0.411277,-0.138236],[-0.447764,-0.132877],[-0.465971,-0.125373],[-0.478528,-0.110133],[-0.485577,-0.0916217],[-0.491942,-0.0574061],[-0.49738,0.0270963],[-0.499051,0.136824],[-0.498232,0.246478]],
"inputs": [[0.199479,0.530003,90],[0.259581,0.530003,90],[0.319683,0.530003,90],[0.379785,0.530003,90],[0.439887,0.530003,90],[0.499989,0.530003,90],[0.560091,0.530003,90],[0.620193,0.530003,90],[0.680295,0.530003,90],[0.740471,0.530003,90],[0.800573,0.530003,90]],
"outputs": [[0.199479,-0.229996,270],[0.259581,-0.229996,270],[0.319683,-0.229996,270],[0.379785,-0.229996,270],[0.439887,-0.229996,270],[0.499989,-0.229996,270],[0.560091,-0.229996,270],[0.620193,-0.229996,270],[0.680295,-0.229996,270],[0.740471,-0.229996,270],[0.800573,-0.229996,270]],
"icon": [[0.379926,0.0300035],[0.619926,0.270004]]
}