{
"name": "rect_s3",
"flags": {
	"0": { "outline": [[0.378275,0.115175],[0.375,0.1225],[0.375,0.1775],[0.378025,0.1846],[0.38515,0.1875],[0.4123,0.1875],[0.4027,0.1125],[0.385,0.1125]] },
	"1": { "outline": [[0.437975,0.1125],[0.4027,0.1125],[0.4123,0.1875],[0.44735,0.1875]] },
	"2": { "outline": [[0.5973,0.1875],[0.5877,0.1125],[0.5527,0.1125],[0.5623,0.1875]] },
	"3": { "outline": [[0.61485,0.1125],[0.5877,0.1125],[0.5973,0.1875],[0.615,0.1875],[0.621725,0.184825],[0.625,0.1775],[0.625,0.1225],[0.621975,0.1154]] }
},
"outline": [[0.375,0.1775],[0.378025,0.1846],[0.38515,0.1875],[0.615,0.1875],[0.621725,0.184825],[0.625,0.1775],[0.625,0.1225],[0.621975,0.1154],[0.61485,0.1125],[0.385,0.1125],[0.378275,0.115175],[0.375,0.1225]],
"inputs": [[0.35,0.26,90],[0.375,0.26,90],[0.4,0.26,90],[0.425,0.26,90],[0.45,0.26,90],[0.475,0.26,90],[0.5,0.26,90],[0.525,0.26,90],[0.55,0.26,90],[0.575,0.26,90],[0.6,0.26,90],[0.625,0.26,90],[0.65,0.26,90]],
"outputs": [[0.35,0.04,270],[0.375,0.04,270],[0.4,0.04,270],[0.425,0.04,270],[0.45,0.04,270],[0.475,0.04,270],[0.5,0.04,270],[0.525,0.04,270],[0.55,0.04,270],[0.575,0.04,270],[0.6,0.04,270],[0.625,0.04,270],[0.65,0.04,270]],
"icon": [[0.47,0.12],[0.53,0.18]]
}