{
"name": "rect_s2",
"flags": {
	"0": { "outline": [[0.25655,0.08035],[0.25,0.095],[0.25,0.205],[0.25605,0.2192],[0.2703,0.225],[0.3246,0.225],[0.3054,0.075],[0.27,0.075]] },
	"1": { "outline": [[0.37595,0.075],[0.3054,0.075],[0.3246,0.225],[0.3947,0.225]] },
	"2": { "outline": [[0.6946,0.225],[0.6754,0.075],[0.6054,0.075],[0.6246,0.225]] },
	"3": { "outline": [[0.7297,0.075],[0.6754,0.075],[0.6946,0.225],[0.73,0.225],[0.74345,0.21965],[0.75,0.205],[0.75,0.095],[0.74395,0.0808]] }
},
"outline": [[0.25,0.205],[0.25605,0.2192],[0.2703,0.225],[0.73,0.225],[0.74345,0.21965],[0.75,0.205],[0.75,0.095],[0.74395,0.0808],[0.7297,0.075],[0.27,0.075],[0.25655,0.08035],[0.25,0.095]],
"inputs": [[0.2975,0.2995,90],[0.338,0.2995,90],[0.3785,0.2995,90],[0.419,0.2995,90],[0.4595,0.2995,90],[0.5,0.2995,90],[0.5405,0.2995,90],[0.581,0.2995,90],[0.6215,0.2995,90],[0.66205,0.2995,90],[0.70255,0.2995,90]],
"outputs": [[0.2975,0.000499994,270],[0.338,0.000499994,270],[0.3785,0.000499994,270],[0.419,0.000499994,270],[0.4595,0.000499994,270],[0.5,0.000499994,270],[0.5405,0.000499994,270],[0.581,0.000499994,270],[0.6215,0.000499994,270],[0.66205,0.000499994,270],[0.70255,0.000499994,270]],
"icon": [[0.44,0.09],[0.56,0.21]]
}