{
"name": "rect_l3",
"flags": {
	"0": { "outline": [[-0.666503,-0.290559],[-0.729083,-0.289131],[-0.866915,-0.282353],[-0.921645,-0.274315],[-0.948956,-0.26306],[-0.967791,-0.2402],[-0.978366,-0.212433],[-0.987913,-0.161109],[-0.996071,-0.0343556],[-0.998577,0.130236],[-0.997348,0.294717],[-0.993342,0.39921],[-0.988751,0.458916],[-0.981723,0.503022],[-0.9729,0.531596],[-0.956301,0.556119],[-0.931064,0.57056],[-0.879614,0.579793],[-0.745836,0.587957],[-0.553544,0.591938]] },
	"1": { "outline": [[-0.553544,0.591938],[-0.439959,0.594289],[-0.132337,0.596597],[-0.243946,-0.296272],[-0.310879,-0.295884],[-0.549898,-0.293218],[-0.666503,-0.290559]] },
	"2": { "outline": [[1.55325,-0.292484],[1.33499,-0.295307],[1.13272,-0.296659],[1.24699,0.596144],[1.50495,0.593867],[1.66628,0.590542]] },
	"3": { "outline": [[1.96557,-0.244668],[1.94433,-0.265177],[1.91645,-0.274035],[1.8649,-0.281049],[1.75312,-0.287376],[1.57415,-0.292214],[1.55325,-0.292484],[1.66628,0.590542],[1.72868,0.589257],[1.85499,0.583068],[1.9071,0.577073],[1.9359,0.57009],[1.95924,0.552528],[1.97372,0.526505],[1.98153,0.497943],[1.98827,0.453612],[1.99457,0.364115],[1.99858,0.184729],[1.996,-0.0397024],[1.98797,-0.166337],[1.97776,-0.21757]] }
},
"outline": [[-0.993342,0.39921],[-0.988751,0.458916],[-0.981723,0.503022],[-0.9729,0.531596],[-0.956301,0.556119],[-0.931064,0.57056],[-0.879614,0.579793],[-0.745836,0.587957],[-0.439959,0.594289],[0.00893933,0.597656],[0.472747,0.598662],[1.08615,0.597564],[1.50495,0.593867],[1.72868,0.589257],[1.85499,0.583068],[1.9071,0.577073],[1.9359,0.57009],[1.95924,0.552528],[1.97372,0.526505],[1.98153,0.497943],[1.98827,0.453612],[1.99457,0.364115],[1.99858,0.184729],[1.996,-0.0397024],[1.98797,-0.166337],[1.97776,-0.21757],[1.96557,-0.244668],[1.94433,-0.265177],[1.91645,-0.274035],[1.8649,-0.281049],[1.75312,-0.287376],[1.57415,-0.292214],[1.33499,-0.295307],[0.975872,-0.297708],[0.517695,-0.298662],[0.048304,-0.297964],[-0.310879,-0.295884],[-0.549898,-0.293218],[-0.729083,-0.289131],[-0.866915,-0.282353],[-0.921645,-0.274315],[-0.948956,-0.26306],[-0.967791,-0.2402],[-0.978366,-0.212433],[-0.987913,-0.161109],[-0.996071,-0.0343556],[-0.998577,0.130236],[-0.997348,0.294717]],
"inputs": [[0.300754,0.660005,90],[0.340606,0.660005,90],[0.380458,0.660005,90],[0.42031,0.660005,90],[0.460162,0.660005,90],[0.500014,0.660005,90],[0.539866,0.660005,90],[0.579718,0.660005,90],[0.61957,0.660005,90],[0.659471,0.660005,90],[0.699323,0.660005,90]],
"outputs": [[0.300754,-0.359995,270],[0.340606,-0.359995,270],[0.380458,-0.359995,270],[0.42031,-0.359995,270],[0.460162,-0.359995,270],[0.500014,-0.359995,270],[0.539866,-0.359995,270],[0.579718,-0.359995,270],[0.61957,-0.359995,270],[0.659471,-0.359995,270],[0.699323,-0.359995,270]],
"icon": [[0.499889,0.150005],[0.499889,0.150005]]
}