{
"name": "testShape",
"flags": {
	"0": { "outline": [[0.25,0.15],[0.255,0.15],[0.26,0.15],[0.265,0.15],[0.27,0.15],[0.275,0.15],[0.28,0.15],[0.285,0.15],[0.29,0.15],[0.295,0.15],[0.3,0.15],[0.305,0.15],[0.31,0.15],[0.315,0.15],[0.32,0.15],[0.325,0.15],[0.33,0.15],[0.335,0.15],[0.34,0.15],[0.345,0.15],[0.35,0.15],[0.355,0.15],[0.36,0.15],[0.365,0.15],[0.37,0.15],[0.375,0.15],[0.375,0.16],[0.375,0.17],[0.375,0.18],[0.375,0.19],[0.375,0.2],[0.375,0.21],[0.375,0.22],[0.375,0.23],[0.375,0.24],[0.375,0.25],[0.375,0.26],[0.375,0.27],[0.375,0.28],[0.375,0.29],[0.375,0.3],[0.375,0.31],[0.375,0.32],[0.375,0.33],[0.375,0.34],[0.375,0.35],[0.375,0.36],[0.375,0.37],[0.375,0.38],[0.375,0.39],[0.375,0.4],[0.37,0.4],[0.365,0.4],[0.36,0.4],[0.355,0.4],[0.35,0.4],[0.345,0.4],[0.34,0.4],[0.335,0.4],[0.33,0.4],[0.325,0.4],[0.32,0.4],[0.315,0.4],[0.31,0.4],[0.305,0.4],[0.3,0.4],[0.295,0.4],[0.29,0.4],[0.285,0.4],[0.28,0.4],[0.275,0.4],[0.27,0.4],[0.265,0.4],[0.26,0.4],[0.255,0.4],[0.25,0.4],[0.25,0.39],[0.25,0.38],[0.25,0.37],[0.25,0.36],[0.25,0.35],[0.25,0.34],[0.25,0.33],[0.25,0.32],[0.25,0.31],[0.25,0.3],[0.25,0.29],[0.25,0.28],[0.25,0.27],[0.25,0.26],[0.25,0.25],[0.25,0.24],[0.25,0.23],[0.25,0.22],[0.25,0.21],[0.25,0.2],[0.25,0.19],[0.25,0.18],[0.25,0.17],[0.25,0.16]] },
	"1": { "outline": [[0.25,-0.1],[0.255,-0.1],[0.26,-0.1],[0.265,-0.1],[0.27,-0.1],[0.275,-0.1],[0.28,-0.1],[0.285,-0.1],[0.29,-0.1],[0.295,-0.1],[0.3,-0.1],[0.305,-0.1],[0.31,-0.1],[0.315,-0.1],[0.32,-0.1],[0.325,-0.1],[0.33,-0.1],[0.335,-0.1],[0.34,-0.1],[0.345,-0.1],[0.35,-0.1],[0.355,-0.1],[0.36,-0.1],[0.365,-0.1],[0.37,-0.1],[0.375,-0.1],[0.375,-0.09],[0.375,-0.08],[0.375,-0.07],[0.375,-0.06],[0.375,-0.05],[0.375,-0.04],[0.375,-0.03],[0.375,-0.02],[0.375,-0.00999999],[0.375,0],[0.375,0.01],[0.375,0.02],[0.375,0.03],[0.375,0.04],[0.375,0.05],[0.375,0.06],[0.375,0.07],[0.375,0.08],[0.375,0.09],[0.375,0.1],[0.375,0.11],[0.375,0.12],[0.375,0.13],[0.375,0.14],[0.375,0.15],[0.37,0.15],[0.365,0.15],[0.36,0.15],[0.355,0.15],[0.35,0.15],[0.345,0.15],[0.34,0.15],[0.335,0.15],[0.33,0.15],[0.325,0.15],[0.32,0.15],[0.315,0.15],[0.31,0.15],[0.305,0.15],[0.3,0.15],[0.295,0.15],[0.29,0.15],[0.285,0.15],[0.28,0.15],[0.275,0.15],[0.27,0.15],[0.265,0.15],[0.26,0.15],[0.255,0.15],[0.25,0.15],[0.25,0.14],[0.25,0.13],[0.25,0.12],[0.25,0.11],[0.25,0.1],[0.25,0.09],[0.25,0.08],[0.25,0.07],[0.25,0.06],[0.25,0.05],[0.25,0.04],[0.25,0.03],[0.25,0.02],[0.25,0.01],[0.25,2.98023e-08],[0.25,-0.01],[0.25,-0.02],[0.25,-0.03],[0.25,-0.04],[0.25,-0.05],[0.25,-0.06],[0.25,-0.07],[0.25,-0.08],[0.25,-0.09]] },
	"2": { "outline": [[0.625,-0.1],[0.63,-0.1],[0.635,-0.1],[0.64,-0.1],[0.645,-0.1],[0.65,-0.1],[0.655,-0.1],[0.66,-0.1],[0.665,-0.1],[0.67,-0.1],[0.675,-0.1],[0.68,-0.1],[0.685,-0.1],[0.69,-0.1],[0.695,-0.1],[0.7,-0.1],[0.705,-0.1],[0.71,-0.1],[0.715,-0.1],[0.72,-0.1],[0.725,-0.1],[0.73,-0.1],[0.735,-0.1],[0.74,-0.1],[0.745,-0.1],[0.75,-0.1],[0.75,-0.09],[0.75,-0.08],[0.75,-0.07],[0.75,-0.06],[0.75,-0.05],[0.75,-0.04],[0.75,-0.03],[0.75,-0.02],[0.75,-0.00999999],[0.75,0],[0.75,0.01],[0.75,0.02],[0.75,0.03],[0.75,0.04],[0.75,0.05],[0.75,0.06],[0.75,0.07],[0.75,0.08],[0.75,0.09],[0.75,0.1],[0.75,0.11],[0.75,0.12],[0.75,0.13],[0.75,0.14],[0.75,0.15],[0.745,0.15],[0.74,0.15],[0.735,0.15],[0.73,0.15],[0.725,0.15],[0.72,0.15],[0.715,0.15],[0.71,0.15],[0.705,0.15],[0.7,0.15],[0.695,0.15],[0.69,0.15],[0.685,0.15],[0.68,0.15],[0.675,0.15],[0.67,0.15],[0.665,0.15],[0.66,0.15],[0.655,0.15],[0.65,0.15],[0.645,0.15],[0.64,0.15],[0.635,0.15],[0.63,0.15],[0.625,0.15],[0.625,0.14],[0.625,0.13],[0.625,0.12],[0.625,0.11],[0.625,0.1],[0.625,0.09],[0.625,0.08],[0.625,0.07],[0.625,0.06],[0.625,0.05],[0.625,0.04],[0.625,0.03],[0.625,0.02],[0.625,0.01],[0.625,2.98023e-08],[0.625,-0.01],[0.625,-0.02],[0.625,-0.03],[0.625,-0.04],[0.625,-0.05],[0.625,-0.06],[0.625,-0.07],[0.625,-0.08],[0.625,-0.09]] },
	"3": { "outline": [[0.625,0.15],[0.63,0.15],[0.635,0.15],[0.64,0.15],[0.645,0.15],[0.65,0.15],[0.655,0.15],[0.66,0.15],[0.665,0.15],[0.67,0.15],[0.675,0.15],[0.68,0.15],[0.685,0.15],[0.69,0.15],[0.695,0.15],[0.7,0.15],[0.705,0.15],[0.71,0.15],[0.715,0.15],[0.72,0.15],[0.725,0.15],[0.73,0.15],[0.735,0.15],[0.74,0.15],[0.745,0.15],[0.75,0.15],[0.75,0.16],[0.75,0.17],[0.75,0.18],[0.75,0.19],[0.75,0.2],[0.75,0.21],[0.75,0.22],[0.75,0.23],[0.75,0.24],[0.75,0.25],[0.75,0.26],[0.75,0.27],[0.75,0.28],[0.75,0.29],[0.75,0.3],[0.75,0.31],[0.75,0.32],[0.75,0.33],[0.75,0.34],[0.75,0.35],[0.75,0.36],[0.75,0.37],[0.75,0.38],[0.75,0.39],[0.75,0.4],[0.745,0.4],[0.74,0.4],[0.735,0.4],[0.73,0.4],[0.725,0.4],[0.72,0.4],[0.715,0.4],[0.71,0.4],[0.705,0.4],[0.7,0.4],[0.695,0.4],[0.69,0.4],[0.685,0.4],[0.68,0.4],[0.675,0.4],[0.67,0.4],[0.665,0.4],[0.66,0.4],[0.655,0.4],[0.65,0.4],[0.645,0.4],[0.64,0.4],[0.635,0.4],[0.63,0.4],[0.625,0.4],[0.625,0.39],[0.625,0.38],[0.625,0.37],[0.625,0.36],[0.625,0.35],[0.625,0.34],[0.625,0.33],[0.625,0.32],[0.625,0.31],[0.625,0.3],[0.625,0.29],[0.625,0.28],[0.625,0.27],[0.625,0.26],[0.625,0.25],[0.625,0.24],[0.625,0.23],[0.625,0.22],[0.625,0.21],[0.625,0.2],[0.625,0.19],[0.625,0.18],[0.625,0.17],[0.625,0.16]] }
},
"outline": [[0.25,-0.1],[0.27,-0.1],[0.29,-0.1],[0.31,-0.1],[0.33,-0.1],[0.35,-0.1],[0.37,-0.1],[0.39,-0.1],[0.41,-0.1],[0.43,-0.1],[0.45,-0.1],[0.47,-0.1],[0.49,-0.1],[0.51,-0.1],[0.53,-0.1],[0.55,-0.1],[0.57,-0.1],[0.59,-0.1],[0.61,-0.1],[0.63,-0.1],[0.65,-0.1],[0.67,-0.1],[0.69,-0.1],[0.71,-0.1],[0.73,-0.1],[0.75,-0.1],[0.75,-0.08],[0.75,-0.06],[0.75,-0.04],[0.75,-0.02],[0.75,2.98023e-08],[0.75,0.02],[0.75,0.04],[0.75,0.06],[0.75,0.08],[0.75,0.1],[0.75,0.12],[0.75,0.14],[0.75,0.16],[0.75,0.18],[0.75,0.2],[0.75,0.22],[0.75,0.24],[0.75,0.26],[0.75,0.28],[0.75,0.3],[0.75,0.32],[0.75,0.34],[0.75,0.36],[0.75,0.38],[0.75,0.4],[0.73,0.4],[0.71,0.4],[0.69,0.4],[0.67,0.4],[0.65,0.4],[0.63,0.4],[0.61,0.4],[0.59,0.4],[0.57,0.4],[0.55,0.4],[0.53,0.4],[0.51,0.4],[0.49,0.4],[0.47,0.4],[0.45,0.4],[0.43,0.4],[0.41,0.4],[0.39,0.4],[0.37,0.4],[0.35,0.4],[0.33,0.4],[0.31,0.4],[0.29,0.4],[0.27,0.4],[0.25,0.4],[0.25,0.38],[0.25,0.36],[0.25,0.34],[0.25,0.32],[0.25,0.3],[0.25,0.28],[0.25,0.26],[0.25,0.24],[0.25,0.22],[0.25,0.2],[0.25,0.18],[0.25,0.16],[0.25,0.14],[0.25,0.12],[0.25,0.1],[0.25,0.08],[0.25,0.06],[0.25,0.04],[0.25,0.02],[0.25,2.98023e-08],[0.25,-0.02],[0.25,-0.0400001],[0.25,-0.06],[0.25,-0.08]],
"inputs": [[0.24,0.45,90],[0.283333,0.45,90],[0.326667,0.45,90],[0.37,0.45,90],[0.413333,0.45,90],[0.456667,0.45,90],[0.5,0.45,90],[0.543333,0.45,90],[0.586667,0.45,90],[0.63,0.45,90],[0.673333,0.45,90],[0.716667,0.45,90],[0.76,0.45,90]],
"outputs": [[0.24,-0.15,270],[0.283333,-0.15,270],[0.326667,-0.15,270],[0.37,-0.15,270],[0.413333,-0.15,270],[0.456667,-0.15,270],[0.5,-0.15,270],[0.543333,-0.15,270],[0.586667,-0.15,270],[0.63,-0.15,270],[0.673333,-0.15,270],[0.716667,-0.15,270],[0.76,-0.15,270]],
"icon": [[0.38,0.03],[0.62,0.27]]
}